country_code,wave,wave_label,age_band,n,share
AL,5,"W5
2010",18-24,56,10.748560460652591
AL,5,"W5
2010",25-29,73,14.011516314779271
AL,5,"W5
2010",30-34,73,14.011516314779271
AL,5,"W5
2010",35-39,121,23.224568138195778
AL,5,"W5
2010",40-45,198,38.00383877159309
AL,6,"W6
2015",18-24,160,25.848142164781905
AL,6,"W6
2015",25-29,128,20.678513731825525
AL,6,"W6
2015",30-34,111,17.932148626817447
AL,6,"W6
2015",35-39,90,14.539579967689823
AL,6,"W6
2015",40-45,130,21.001615508885298
AL,8,"W8
2024",18-24,86,15.008726003490402
AL,8,"W8
2024",25-29,136,23.7347294938918
AL,8,"W8
2024",30-34,130,22.68760907504363
AL,8,"W8
2024",35-39,119,20.76788830715532
AL,8,"W8
2024",40-45,102,17.801047120418847
AT,2,"W2
1995",18-24,92,11.749680715197956
AT,2,"W2
1995",25-29,152,19.4125159642401
AT,2,"W2
1995",30-34,187,23.88250319284802
AT,2,"W2
1995",35-39,188,24.010217113665387
AT,2,"W2
1995",40-45,164,20.94508301404853
AT,3,"W3
2000",18-24,158,14.031971580817052
AT,3,"W3
2000",25-29,194,17.2291296625222
AT,3,"W3
2000",30-34,237,21.04795737122558
AT,3,"W3
2000",35-39,279,24.77797513321492
AT,3,"W3
2000",40-45,258,22.912966252220247
AT,4,"W4
2005",18-24,81,11.807580174927114
AT,4,"W4
2005",25-29,107,15.597667638483964
AT,4,"W4
2005",30-34,136,19.825072886297377
AT,4,"W4
2005",35-39,158,23.03206997084548
AT,4,"W4
2005",40-45,204,29.737609329446062
AT,5,"W5
2010",18-24,77,14.446529080675422
AT,5,"W5
2010",25-29,82,15.384615384615385
AT,5,"W5
2010",30-34,100,18.76172607879925
AT,5,"W5
2010",35-39,126,23.639774859287055
AT,5,"W5
2010",40-45,148,27.76735459662289
AT,6,"W6
2015",18-24,77,13.676731793960922
AT,6,"W6
2015",25-29,96,17.05150976909414
AT,6,"W6
2015",30-34,114,20.24866785079929
AT,6,"W6
2015",35-39,111,19.715808170515096
AT,6,"W6
2015",40-45,165,29.307282415630553
AT,8,"W8
2024",18-24,103,18.392857142857146
AT,8,"W8
2024",25-29,111,19.82142857142857
AT,8,"W8
2024",30-34,99,17.67857142857143
AT,8,"W8
2024",35-39,127,22.678571428571427
AT,8,"W8
2024",40-45,120,21.428571428571427
BA,8,"W8
2024",18-24,91,12.117177097203728
BA,8,"W8
2024",25-29,170,22.63648468708389
BA,8,"W8
2024",30-34,181,24.101198402130493
BA,8,"W8
2024",35-39,125,16.644474034620508
BA,8,"W8
2024",40-45,184,24.500665778961384
BE,1,"W1
1991",18-24,101,13.448735019973368
BE,1,"W1
1991",25-29,160,21.304926764314246
BE,1,"W1
1991",30-34,163,21.70439414114514
BE,1,"W1
1991",35-39,153,20.372836218375497
BE,1,"W1
1991",40-45,174,23.169107856191744
BE,2,"W2
1995",18-24,119,15.454545454545453
BE,2,"W2
1995",25-29,163,21.16883116883117
BE,2,"W2
1995",30-34,154,20
BE,2,"W2
1995",35-39,159,20.64935064935065
BE,2,"W2
1995",40-45,175,22.727272727272727
BE,3,"W3
2000",18-24,157,13.918439716312056
BE,3,"W3
2000",25-29,196,17.375886524822697
BE,3,"W3
2000",30-34,213,18.882978723404257
BE,3,"W3
2000",35-39,274,24.29078014184397
BE,3,"W3
2000",40-45,288,25.53191489361702
BE,4,"W4
2005",18-24,72,11.162790697674419
BE,4,"W4
2005",25-29,88,13.643410852713178
BE,4,"W4
2005",30-34,113,17.519379844961243
BE,4,"W4
2005",35-39,158,24.496124031007753
BE,4,"W4
2005",40-45,214,33.17829457364341
BE,5,"W5
2010",18-24,299,11.21530382595649
BE,5,"W5
2010",25-29,565,21.192798199549888
BE,5,"W5
2010",30-34,499,18.717179294823705
BE,5,"W5
2010",35-39,625,23.443360840210055
BE,5,"W5
2010",40-45,678,25.431357839459867
BE,6,"W6
2015",18-24,132,9.224318658280922
BE,6,"W6
2015",25-29,260,18.16911250873515
BE,6,"W6
2015",30-34,303,21.17400419287212
BE,6,"W6
2015",35-39,320,22.36198462613557
BE,6,"W6
2015",40-45,416,29.070580013976237
BE,8,"W8
2024",18-24,169,14.493996569468267
BE,8,"W8
2024",25-29,186,15.951972555746142
BE,8,"W8
2024",30-34,235,20.154373927958833
BE,8,"W8
2024",35-39,273,23.41337907375643
BE,8,"W8
2024",40-45,303,25.986277873070325
BG,3,"W3
2000",18-24,69,10.78125
BG,3,"W3
2000",25-29,81,12.65625
BG,3,"W3
2000",30-34,135,21.09375
BG,3,"W3
2000",35-39,165,25.78125
BG,3,"W3
2000",40-45,190,29.6875
BG,4,"W4
2005",18-24,67,10.35548686244204
BG,4,"W4
2005",25-29,102,15.765069551777433
BG,4,"W4
2005",30-34,140,21.638330757341574
BG,4,"W4
2005",35-39,137,21.174652241112828
BG,4,"W4
2005",40-45,201,31.066460587326123
BG,5,"W5
2010",18-24,55,9.98185117967332
BG,5,"W5
2010",25-29,73,13.248638838475499
BG,5,"W5
2010",30-34,131,23.77495462794918
BG,5,"W5
2010",35-39,137,24.863883847549907
BG,5,"W5
2010",40-45,155,28.13067150635209
BG,6,"W6
2015",18-24,58,10.412926391382406
BG,6,"W6
2015",25-29,80,14.362657091561939
BG,6,"W6
2015",30-34,89,15.978456014362658
BG,6,"W6
2015",35-39,149,26.750448833034113
BG,6,"W6
2015",40-45,181,32.49551166965889
BG,8,"W8
2024",18-24,33,7.9326923076923075
BG,8,"W8
2024",25-29,62,14.903846153846153
BG,8,"W8
2024",30-34,82,19.71153846153846
BG,8,"W8
2024",35-39,106,25.48076923076923
BG,8,"W8
2024",40-45,133,31.971153846153843
CH,4,"W4
2005",18-24,53,9.013605442176871
CH,4,"W4
2005",25-29,72,12.244897959183673
CH,4,"W4
2005",30-34,115,19.5578231292517
CH,4,"W4
2005",35-39,135,22.95918367346939
CH,4,"W4
2005",40-45,213,36.224489795918366
CH,6,"W6
2015",18-24,53,9.314586994727591
CH,6,"W6
2015",25-29,129,22.671353251318102
CH,6,"W6
2015",30-34,116,20.38664323374341
CH,6,"W6
2015",35-39,131,23.022847100175746
CH,6,"W6
2015",40-45,140,24.604569420035148
CH,8,"W8
2024",18-24,59,11.94331983805668
CH,8,"W8
2024",25-29,66,13.360323886639677
CH,8,"W8
2024",30-34,99,20.040485829959515
CH,8,"W8
2024",35-39,112,22.672064777327936
CH,8,"W8
2024",40-45,158,31.983805668016196
CY,3,"W3
2000",18-24,47,14.920634920634921
CY,3,"W3
2000",25-29,46,14.603174603174605
CY,3,"W3
2000",30-34,52,16.507936507936506
CY,3,"W3
2000",35-39,77,24.444444444444443
CY,3,"W3
2000",40-45,93,29.523809523809526
CY,4,"W4
2005",18-24,35,9.943181818181818
CY,4,"W4
2005",25-29,66,18.75
CY,4,"W4
2005",30-34,68,19.318181818181817
CY,4,"W4
2005",35-39,89,25.28409090909091
CY,4,"W4
2005",40-45,94,26.704545454545453
CY,5,"W5
2010",18-24,30,5.639097744360902
CY,5,"W5
2010",25-29,85,15.977443609022558
CY,5,"W5
2010",30-34,103,19.360902255639097
CY,5,"W5
2010",35-39,131,24.62406015037594
CY,5,"W5
2010",40-45,183,34.3984962406015
CY,6,"W6
2015",18-24,134,18.820224719101123
CY,6,"W6
2015",25-29,225,31.60112359550562
CY,6,"W6
2015",30-34,147,20.646067415730336
CY,6,"W6
2015",35-39,114,16.01123595505618
CY,6,"W6
2015",40-45,92,12.921348314606742
CY,8,"W8
2024",18-24,37,8.525345622119817
CY,8,"W8
2024",25-29,54,12.442396313364055
CY,8,"W8
2024",30-34,97,22.350230414746544
CY,8,"W8
2024",35-39,116,26.72811059907834
CY,8,"W8
2024",40-45,130,29.953917050691242
CZ,3,"W3
2000",18-24,99,14.798206278026907
CZ,3,"W3
2000",25-29,115,17.189835575485798
CZ,3,"W3
2000",30-34,137,20.47832585949178
CZ,3,"W3
2000",35-39,147,21.973094170403588
CZ,3,"W3
2000",40-45,171,25.56053811659193
CZ,4,"W4
2005",18-24,91,14.174454828660435
CZ,4,"W4
2005",25-29,131,20.404984423676012
CZ,4,"W4
2005",30-34,123,19.158878504672895
CZ,4,"W4
2005",35-39,123,19.158878504672895
CZ,4,"W4
2005",40-45,174,27.102803738317753
CZ,5,"W5
2010",18-24,46,8.19964349376114
CZ,5,"W5
2010",25-29,84,14.973262032085561
CZ,5,"W5
2010",30-34,106,18.89483065953654
CZ,5,"W5
2010",35-39,165,29.411764705882355
CZ,5,"W5
2010",40-45,160,28.520499108734406
CZ,6,"W6
2015",18-24,45,7.666098807495741
CZ,6,"W6
2015",25-29,95,16.183986371379895
CZ,6,"W6
2015",30-34,111,18.909710391822827
CZ,6,"W6
2015",35-39,157,26.74616695059625
CZ,6,"W6
2015",40-45,179,30.494037478705284
CZ,8,"W8
2024",18-24,62,10.508474576271185
CZ,8,"W8
2024",25-29,83,14.067796610169491
CZ,8,"W8
2024",30-34,144,24.40677966101695
CZ,8,"W8
2024",35-39,155,26.27118644067797
CZ,8,"W8
2024",40-45,146,24.74576271186441
DE,1,"W1
1991",18-24,351,21.70686456400742
DE,1,"W1
1991",25-29,300,18.552875695732837
DE,1,"W1
1991",30-34,288,17.810760667903523
DE,1,"W1
1991",35-39,310,19.1713048855906
DE,1,"W1
1991",40-45,368,22.758194186765614
DE,2,"W2
1995",18-24,189,13.134120917303683
DE,2,"W2
1995",25-29,266,18.485059068797778
DE,2,"W2
1995",30-34,323,22.446143154968727
DE,2,"W2
1995",35-39,305,21.195274496177902
DE,2,"W2
1995",40-45,356,24.73940236275191
DE,3,"W3
2000",18-24,142,13.79980563654033
DE,3,"W3
2000",25-29,166,16.132167152575317
DE,3,"W3
2000",30-34,215,20.89407191448008
DE,3,"W3
2000",35-39,253,24.586977648202136
DE,3,"W3
2000",40-45,253,24.586977648202136
DE,4,"W4
2005",18-24,120,18.12688821752266
DE,4,"W4
2005",25-29,110,16.61631419939577
DE,4,"W4
2005",30-34,112,16.91842900302115
DE,4,"W4
2005",35-39,143,21.6012084592145
DE,4,"W4
2005",40-45,177,26.73716012084592
DE,5,"W5
2010",18-24,156,12.91390728476821
DE,5,"W5
2010",25-29,219,18.129139072847682
DE,5,"W5
2010",30-34,206,17.052980132450333
DE,5,"W5
2010",35-39,251,20.778145695364238
DE,5,"W5
2010",40-45,376,31.125827814569533
DE,6,"W6
2015",18-24,133,13.380281690140844
DE,6,"W6
2015",25-29,173,17.404426559356136
DE,6,"W6
2015",30-34,195,19.61770623742455
DE,6,"W6
2015",35-39,205,20.62374245472837
DE,6,"W6
2015",40-45,288,28.973843058350102
DE,8,"W8
2024",18-24,69,13.043478260869565
DE,8,"W8
2024",25-29,104,19.659735349716446
DE,8,"W8
2024",30-34,89,16.824196597353495
DE,8,"W8
2024",35-39,144,27.22117202268431
DE,8,"W8
2024",40-45,123,23.251417769376182
DK,1,"W1
1991",18-24,100,12.18026796589525
DK,1,"W1
1991",25-29,164,19.97563946406821
DK,1,"W1
1991",30-34,180,21.92448233861145
DK,1,"W1
1991",35-39,187,22.77710109622412
DK,1,"W1
1991",40-45,190,23.142509135200974
DK,2,"W2
1995",18-24,109,16.5402124430956
DK,2,"W2
1995",25-29,109,16.5402124430956
DK,2,"W2
1995",30-34,140,21.2443095599393
DK,2,"W2
1995",35-39,149,22.610015174506827
DK,2,"W2
1995",40-45,152,23.06525037936267
DK,3,"W3
2000",18-24,128,13.389121338912133
DK,3,"W3
2000",25-29,164,17.154811715481173
DK,3,"W3
2000",30-34,198,20.711297071129707
DK,3,"W3
2000",35-39,230,24.05857740585774
DK,3,"W3
2000",40-45,236,24.686192468619247
DK,4,"W4
2005",18-24,86,13.65079365079365
DK,4,"W4
2005",25-29,105,16.666666666666664
DK,4,"W4
2005",30-34,134,21.26984126984127
DK,4,"W4
2005",35-39,128,20.317460317460316
DK,4,"W4
2005",40-45,177,28.095238095238095
DK,5,"W5
2010",18-24,86,16.195856873822976
DK,5,"W5
2010",25-29,65,12.24105461393597
DK,5,"W5
2010",30-34,92,17.325800376647834
DK,5,"W5
2010",35-39,110,20.715630885122412
DK,5,"W5
2010",40-45,178,33.52165725047081
DK,6,"W6
2015",18-24,67,14.955357142857142
DK,6,"W6
2015",25-29,65,14.508928571428573
DK,6,"W6
2015",30-34,69,15.401785714285715
DK,6,"W6
2015",35-39,98,21.875
DK,6,"W6
2015",40-45,149,33.25892857142857
DK,8,"W8
2024",18-24,71,16.359447004608295
DK,8,"W8
2024",25-29,57,13.13364055299539
DK,8,"W8
2024",30-34,80,18.433179723502306
DK,8,"W8
2024",35-39,104,23.963133640552993
DK,8,"W8
2024",40-45,122,28.110599078341014
EE,3,"W3
2000",18-24,88,14.839797639123104
EE,3,"W3
2000",25-29,95,16.020236087689714
EE,3,"W3
2000",30-34,128,21.585160202360875
EE,3,"W3
2000",35-39,128,21.585160202360875
EE,3,"W3
2000",40-45,154,25.96964586846543
EE,4,"W4
2005",18-24,52,15.568862275449103
EE,4,"W4
2005",25-29,56,16.766467065868262
EE,4,"W4
2005",30-34,60,17.964071856287426
EE,4,"W4
2005",35-39,69,20.65868263473054
EE,4,"W4
2005",40-45,97,29.041916167664674
EE,5,"W5
2010",18-24,50,10.1010101010101
EE,5,"W5
2010",25-29,76,15.353535353535353
EE,5,"W5
2010",30-34,99,20
EE,5,"W5
2010",35-39,127,25.656565656565654
EE,5,"W5
2010",40-45,143,28.888888888888886
EE,6,"W6
2015",18-24,54,10.8
EE,6,"W6
2015",25-29,88,17.599999999999998
EE,6,"W6
2015",30-34,110,22
EE,6,"W6
2015",35-39,105,21
EE,6,"W6
2015",40-45,143,28.599999999999998
EE,8,"W8
2024",18-24,23,5.897435897435897
EE,8,"W8
2024",25-29,43,11.025641025641026
EE,8,"W8
2024",30-34,84,21.53846153846154
EE,8,"W8
2024",35-39,96,24.615384615384617
EE,8,"W8
2024",40-45,144,36.92307692307693
EL,1,"W1
1991",18-24,93,15.121951219512194
EL,1,"W1
1991",25-29,103,16.7479674796748
EL,1,"W1
1991",30-34,138,22.439024390243905
EL,1,"W1
1991",35-39,120,19.51219512195122
EL,1,"W1
1991",40-45,161,26.178861788617887
EL,2,"W2
1995",18-24,100,15.174506828528072
EL,2,"W2
1995",25-29,151,22.91350531107739
EL,2,"W2
1995",30-34,98,14.87101669195751
EL,2,"W2
1995",35-39,145,22.003034901365705
EL,2,"W2
1995",40-45,165,25.03793626707132
EL,3,"W3
2000",18-24,142,13.333333333333334
EL,3,"W3
2000",25-29,222,20.845070422535212
EL,3,"W3
2000",30-34,238,22.347417840375584
EL,3,"W3
2000",35-39,216,20.281690140845072
EL,3,"W3
2000",40-45,247,23.1924882629108
EL,4,"W4
2005",18-24,66,9.777777777777779
EL,4,"W4
2005",25-29,115,17.037037037037038
EL,4,"W4
2005",30-34,145,21.48148148148148
EL,4,"W4
2005",35-39,176,26.074074074074073
EL,4,"W4
2005",40-45,173,25.62962962962963
EL,5,"W5
2010",18-24,63,9.559939301972687
EL,5,"W5
2010",25-29,99,15.022761760242792
EL,5,"W5
2010",30-34,137,20.789074355083457
EL,5,"W5
2010",35-39,153,23.21699544764795
EL,5,"W5
2010",40-45,207,31.41122913505311
EL,6,"W6
2015",18-24,48,7.868852459016394
EL,6,"W6
2015",25-29,101,16.557377049180328
EL,6,"W6
2015",30-34,127,20.81967213114754
EL,6,"W6
2015",35-39,150,24.59016393442623
EL,6,"W6
2015",40-45,184,30.16393442622951
EL,8,"W8
2024",18-24,64,11.228070175438596
EL,8,"W8
2024",25-29,87,15.263157894736842
EL,8,"W8
2024",30-34,105,18.421052631578945
EL,8,"W8
2024",35-39,121,21.228070175438596
EL,8,"W8
2024",40-45,193,33.85964912280702
ES,1,"W1
1991",18-24,173,24.74964234620887
ES,1,"W1
1991",25-29,177,25.321888412017167
ES,1,"W1
1991",30-34,147,21.030042918454935
ES,1,"W1
1991",35-39,104,14.878397711015737
ES,1,"W1
1991",40-45,98,14.020028612303289
ES,2,"W2
1995",18-24,137,20.266272189349113
ES,2,"W2
1995",25-29,132,19.526627218934912
ES,2,"W2
1995",30-34,127,18.786982248520708
ES,2,"W2
1995",35-39,140,20.710059171597635
ES,2,"W2
1995",40-45,140,20.710059171597635
ES,3,"W3
2000",18-24,176,16.955684007707127
ES,3,"W3
2000",25-29,199,19.171483622350674
ES,3,"W3
2000",30-34,207,19.942196531791907
ES,3,"W3
2000",35-39,232,22.350674373795762
ES,3,"W3
2000",40-45,224,21.57996146435453
ES,4,"W4
2005",18-24,151,24.082934609250398
ES,4,"W4
2005",25-29,100,15.94896331738437
ES,4,"W4
2005",30-34,113,18.022328548644335
ES,4,"W4
2005",35-39,120,19.138755980861244
ES,4,"W4
2005",40-45,143,22.807017543859647
ES,5,"W5
2010",18-24,79,11.205673758865247
ES,5,"W5
2010",25-29,140,19.858156028368796
ES,5,"W5
2010",30-34,157,22.26950354609929
ES,5,"W5
2010",35-39,155,21.98581560283688
ES,5,"W5
2010",40-45,174,24.680851063829788
ES,6,"W6
2015",18-24,192,9.421000981354268
ES,6,"W6
2015",25-29,301,14.769381746810598
ES,6,"W6
2015",30-34,372,18.253189401373895
ES,6,"W6
2015",35-39,514,25.220804710500488
ES,6,"W6
2015",40-45,659,32.33562315996075
ES,8,"W8
2024",18-24,68,12.208258527827647
ES,8,"W8
2024",25-29,95,17.0556552962298
ES,8,"W8
2024",30-34,95,17.0556552962298
ES,8,"W8
2024",35-39,139,24.95511669658887
ES,8,"W8
2024",40-45,160,28.725314183123878
FI,2,"W2
1995",18-24,68,9.27694406548431
FI,2,"W2
1995",25-29,114,15.552523874488402
FI,2,"W2
1995",30-34,171,23.328785811732605
FI,2,"W2
1995",35-39,160,21.828103683492497
FI,2,"W2
1995",40-45,220,30.013642564802183
FI,3,"W3
2000",18-24,155,15.784114052953157
FI,3,"W3
2000",25-29,159,16.191446028513237
FI,3,"W3
2000",30-34,192,19.551934826883908
FI,3,"W3
2000",35-39,216,21.9959266802444
FI,3,"W3
2000",40-45,260,26.476578411405292
FI,4,"W4
2005",18-24,93,15.816326530612246
FI,4,"W4
2005",25-29,92,15.646258503401361
FI,4,"W4
2005",30-34,109,18.537414965986397
FI,4,"W4
2005",35-39,140,23.809523809523807
FI,4,"W4
2005",40-45,154,26.190476190476193
FI,5,"W5
2010",18-24,100,18.51851851851852
FI,5,"W5
2010",25-29,108,20
FI,5,"W5
2010",30-34,112,20.74074074074074
FI,5,"W5
2010",35-39,88,16.296296296296298
FI,5,"W5
2010",40-45,132,24.444444444444443
FI,6,"W6
2015",18-24,31,7.126436781609195
FI,6,"W6
2015",25-29,77,17.70114942528736
FI,6,"W6
2015",30-34,95,21.839080459770116
FI,6,"W6
2015",35-39,108,24.82758620689655
FI,6,"W6
2015",40-45,124,28.50574712643678
FI,8,"W8
2024",18-24,65,14.06926406926407
FI,8,"W8
2024",25-29,49,10.606060606060606
FI,8,"W8
2024",30-34,93,20.12987012987013
FI,8,"W8
2024",35-39,112,24.242424242424242
FI,8,"W8
2024",40-45,143,30.952380952380953
FR,1,"W1
1991",18-24,132,15.942028985507244
FR,1,"W1
1991",25-29,165,19.92753623188406
FR,1,"W1
1991",30-34,177,21.3768115942029
FR,1,"W1
1991",35-39,161,19.444444444444446
FR,1,"W1
1991",40-45,193,23.309178743961354
FR,2,"W2
1995",18-24,138,17.760617760617762
FR,2,"W2
1995",25-29,154,19.81981981981982
FR,2,"W2
1995",30-34,170,21.879021879021877
FR,2,"W2
1995",35-39,146,18.79021879021879
FR,2,"W2
1995",40-45,169,21.75032175032175
FR,3,"W3
2000",18-24,138,12.522686025408348
FR,3,"W3
2000",25-29,217,19.691470054446462
FR,3,"W3
2000",30-34,226,20.508166969147005
FR,3,"W3
2000",35-39,241,21.869328493647913
FR,3,"W3
2000",40-45,280,25.40834845735027
FR,4,"W4
2005",18-24,95,12.82051282051282
FR,4,"W4
2005",25-29,103,13.900134952766532
FR,4,"W4
2005",30-34,140,18.89338731443995
FR,4,"W4
2005",35-39,183,24.696356275303643
FR,4,"W4
2005",40-45,220,29.68960863697706
FR,5,"W5
2010",18-24,279,14.041268243583291
FR,5,"W5
2010",25-29,335,16.859587317564166
FR,5,"W5
2010",30-34,333,16.758933064921994
FR,5,"W5
2010",35-39,462,23.251132360342226
FR,5,"W5
2010",40-45,578,29.089079013588325
FR,6,"W6
2015",18-24,86,10.035005834305718
FR,6,"W6
2015",25-29,125,14.585764294049008
FR,6,"W6
2015",30-34,183,21.353558926487747
FR,6,"W6
2015",35-39,179,20.88681446907818
FR,6,"W6
2015",40-45,284,33.13885647607935
FR,8,"W8
2024",18-24,67,11.20401337792642
FR,8,"W8
2024",25-29,125,20.903010033444815
FR,8,"W8
2024",30-34,124,20.735785953177256
FR,8,"W8
2024",35-39,117,19.565217391304348
FR,8,"W8
2024",40-45,165,27.591973244147155
HR,4,"W4
2005",18-24,137,19.187675070028014
HR,4,"W4
2005",25-29,162,22.689075630252102
HR,4,"W4
2005",30-34,140,19.607843137254903
HR,4,"W4
2005",35-39,119,16.666666666666664
HR,4,"W4
2005",40-45,156,21.84873949579832
HR,5,"W5
2010",18-24,62,9.064327485380117
HR,5,"W5
2010",25-29,137,20.029239766081872
HR,5,"W5
2010",30-34,143,20.906432748538013
HR,5,"W5
2010",35-39,146,21.34502923976608
HR,5,"W5
2010",40-45,196,28.654970760233915
HR,6,"W6
2015",18-24,46,8.778625954198473
HR,6,"W6
2015",25-29,100,19.083969465648856
HR,6,"W6
2015",30-34,123,23.473282442748094
HR,6,"W6
2015",35-39,117,22.328244274809162
HR,6,"W6
2015",40-45,138,26.33587786259542
HR,8,"W8
2024",18-24,94,16.87612208258528
HR,8,"W8
2024",25-29,80,14.362657091561939
HR,8,"W8
2024",30-34,114,20.46678635547576
HR,8,"W8
2024",35-39,115,20.646319569120287
HR,8,"W8
2024",40-45,154,27.648114901256733
HU,3,"W3
2000",18-24,94,13.905325443786982
HU,3,"W3
2000",25-29,142,21.005917159763314
HU,3,"W3
2000",30-34,145,21.449704142011836
HU,3,"W3
2000",35-39,115,17.011834319526628
HU,3,"W3
2000",40-45,180,26.627218934911244
HU,4,"W4
2005",18-24,54,8.626198083067091
HU,4,"W4
2005",25-29,116,18.53035143769968
HU,4,"W4
2005",30-34,139,22.20447284345048
HU,4,"W4
2005",35-39,162,25.878594249201274
HU,4,"W4
2005",40-45,155,24.76038338658147
HU,5,"W5
2010",18-24,55,10.223048327137546
HU,5,"W5
2010",25-29,84,15.613382899628252
HU,5,"W5
2010",30-34,122,22.676579925650557
HU,5,"W5
2010",35-39,125,23.234200743494423
HU,5,"W5
2010",40-45,152,28.25278810408922
HU,6,"W6
2015",18-24,48,9.56175298804781
HU,6,"W6
2015",25-29,57,11.354581673306772
HU,6,"W6
2015",30-34,105,20.916334661354583
HU,6,"W6
2015",35-39,118,23.50597609561753
HU,6,"W6
2015",40-45,174,34.66135458167331
HU,8,"W8
2024",18-24,33,7.4324324324324325
HU,8,"W8
2024",25-29,83,18.693693693693696
HU,8,"W8
2024",30-34,89,20.045045045045047
HU,8,"W8
2024",35-39,91,20.495495495495494
HU,8,"W8
2024",40-45,148,33.33333333333333
IE,1,"W1
1991",18-24,178,28.943089430894307
IE,1,"W1
1991",25-29,108,17.560975609756095
IE,1,"W1
1991",30-34,141,22.926829268292686
IE,1,"W1
1991",35-39,89,14.471544715447154
IE,1,"W1
1991",40-45,99,16.097560975609756
IE,2,"W2
1995",18-24,166,23.314606741573034
IE,2,"W2
1995",25-29,143,20.084269662921347
IE,2,"W2
1995",30-34,140,19.662921348314608
IE,2,"W2
1995",35-39,141,19.803370786516854
IE,2,"W2
1995",40-45,122,17.134831460674157
IE,3,"W3
2000",18-24,201,18.732525629077355
IE,3,"W3
2000",25-29,195,18.173345759552657
IE,3,"W3
2000",30-34,194,18.080149114631876
IE,3,"W3
2000",35-39,228,21.24883504193849
IE,3,"W3
2000",40-45,255,23.76514445479963
IE,4,"W4
2005",18-24,87,13.765822784810128
IE,4,"W4
2005",25-29,111,17.563291139240505
IE,4,"W4
2005",30-34,120,18.9873417721519
IE,4,"W4
2005",35-39,150,23.734177215189874
IE,4,"W4
2005",40-45,164,25.949367088607595
IE,5,"W5
2010",18-24,103,15.259259259259258
IE,5,"W5
2010",25-29,121,17.925925925925927
IE,5,"W5
2010",30-34,153,22.666666666666664
IE,5,"W5
2010",35-39,147,21.777777777777775
IE,5,"W5
2010",40-45,151,22.37037037037037
IE,6,"W6
2015",18-24,73,12.82952548330404
IE,6,"W6
2015",25-29,77,13.53251318101933
IE,6,"W6
2015",30-34,99,17.398945518453427
IE,6,"W6
2015",35-39,156,27.416520210896312
IE,6,"W6
2015",40-45,164,28.822495606326886
IE,8,"W8
2024",18-24,72,12.34991423670669
IE,8,"W8
2024",25-29,77,13.20754716981132
IE,8,"W8
2024",30-34,120,20.58319039451115
IE,8,"W8
2024",35-39,140,24.013722126929675
IE,8,"W8
2024",40-45,174,29.845626072041163
IT,1,"W1
1991",18-24,121,18.586789554531492
IT,1,"W1
1991",25-29,143,21.96620583717358
IT,1,"W1
1991",30-34,116,17.81874039938556
IT,1,"W1
1991",35-39,123,18.89400921658986
IT,1,"W1
1991",40-45,148,22.734254992319507
IT,2,"W2
1995",18-24,116,16.407355021216407
IT,2,"W2
1995",25-29,131,18.528995756718526
IT,2,"W2
1995",30-34,132,18.67043847241867
IT,2,"W2
1995",35-39,148,20.933521923620933
IT,2,"W2
1995",40-45,180,25.459688826025463
IT,3,"W3
2000",18-24,146,14.202334630350194
IT,3,"W3
2000",25-29,191,18.579766536964982
IT,3,"W3
2000",30-34,235,22.859922178988327
IT,3,"W3
2000",35-39,212,20.622568093385212
IT,3,"W3
2000",40-45,244,23.73540856031128
IT,4,"W4
2005",18-24,125,20.833333333333336
IT,4,"W4
2005",25-29,104,17.333333333333336
IT,4,"W4
2005",30-34,118,19.666666666666664
IT,4,"W4
2005",35-39,108,18
IT,4,"W4
2005",40-45,145,24.166666666666668
IT,5,"W5
2010",18-24,89,10.022522522522523
IT,5,"W5
2010",25-29,117,13.175675675675674
IT,5,"W5
2010",30-34,166,18.693693693693696
IT,5,"W5
2010",35-39,206,23.1981981981982
IT,5,"W5
2010",40-45,310,34.909909909909906
IT,6,"W6
2015",18-24,39,6.239999999999999
IT,6,"W6
2015",25-29,74,11.84
IT,6,"W6
2015",30-34,102,16.32
IT,6,"W6
2015",35-39,166,26.56
IT,6,"W6
2015",40-45,244,39.04
IT,8,"W8
2024",18-24,65,13.402061855670103
IT,8,"W8
2024",25-29,73,15.051546391752577
IT,8,"W8
2024",30-34,86,17.7319587628866
IT,8,"W8
2024",35-39,109,22.474226804123713
IT,8,"W8
2024",40-45,152,31.34020618556701
LT,3,"W3
2000",18-24,90,13.93188854489164
LT,3,"W3
2000",25-29,109,16.873065015479877
LT,3,"W3
2000",30-34,143,22.13622291021672
LT,3,"W3
2000",35-39,150,23.219814241486066
LT,3,"W3
2000",40-45,154,23.8390092879257
LT,4,"W4
2005",18-24,70,11.494252873563218
LT,4,"W4
2005",25-29,77,12.643678160919542
LT,4,"W4
2005",30-34,120,19.704433497536947
LT,4,"W4
2005",35-39,157,25.779967159277504
LT,4,"W4
2005",40-45,185,30.377668308702795
LT,5,"W5
2010",18-24,58,11.306042884990253
LT,5,"W5
2010",25-29,88,17.15399610136452
LT,5,"W5
2010",30-34,92,17.93372319688109
LT,5,"W5
2010",35-39,115,22.417153996101362
LT,5,"W5
2010",40-45,160,31.189083820662766
LT,6,"W6
2015",18-24,60,12.84796573875803
LT,6,"W6
2015",25-29,97,20.770877944325484
LT,6,"W6
2015",30-34,88,18.843683083511777
LT,6,"W6
2015",35-39,94,20.12847965738758
LT,6,"W6
2015",40-45,128,27.40899357601713
LT,8,"W8
2024",18-24,31,7.126436781609195
LT,8,"W8
2024",25-29,61,14.022988505747128
LT,8,"W8
2024",30-34,107,24.597701149425287
LT,8,"W8
2024",35-39,109,25.057471264367813
LT,8,"W8
2024",40-45,127,29.195402298850574
LU,1,"W1
1991",18-24,64,16.79790026246719
LU,1,"W1
1991",25-29,73,19.160104986876643
LU,1,"W1
1991",30-34,86,22.57217847769029
LU,1,"W1
1991",35-39,73,19.160104986876643
LU,1,"W1
1991",40-45,85,22.30971128608924
LU,2,"W2
1995",18-24,58,15.675675675675677
LU,2,"W2
1995",25-29,86,23.243243243243246
LU,2,"W2
1995",30-34,63,17.027027027027028
LU,2,"W2
1995",35-39,87,23.513513513513516
LU,2,"W2
1995",40-45,76,20.54054054054054
LU,3,"W3
2000",18-24,46,12.105263157894736
LU,3,"W3
2000",25-29,60,15.789473684210526
LU,3,"W3
2000",30-34,66,17.36842105263158
LU,3,"W3
2000",35-39,107,28.157894736842103
LU,3,"W3
2000",40-45,101,26.57894736842105
LU,4,"W4
2005",18-24,26,6.205250596658711
LU,4,"W4
2005",25-29,55,13.126491646778044
LU,4,"W4
2005",30-34,89,21.241050119331742
LU,4,"W4
2005",35-39,89,21.241050119331742
LU,4,"W4
2005",40-45,160,38.18615751789976
LU,5,"W5
2010",18-24,72,11.128284389489954
LU,5,"W5
2010",25-29,121,18.701700154559507
LU,5,"W5
2010",30-34,124,19.165378670788254
LU,5,"W5
2010",35-39,150,23.183925811437405
LU,5,"W5
2010",40-45,180,27.820710973724882
LU,6,"W6
2015",18-24,43,7.166666666666667
LU,6,"W6
2015",25-29,83,13.833333333333334
LU,6,"W6
2015",30-34,124,20.666666666666668
LU,6,"W6
2015",35-39,152,25.333333333333336
LU,6,"W6
2015",40-45,198,33
LU,8,"W8
2024",18-24,19,6.070287539936102
LU,8,"W8
2024",25-29,43,13.738019169329075
LU,8,"W8
2024",30-34,67,21.405750798722046
LU,8,"W8
2024",35-39,79,25.23961661341853
LU,8,"W8
2024",40-45,105,33.54632587859425
LV,3,"W3
2000",18-24,93,14.374034003091191
LV,3,"W3
2000",25-29,107,16.537867078825347
LV,3,"W3
2000",30-34,123,19.01081916537867
LV,3,"W3
2000",35-39,150,23.183925811437405
LV,3,"W3
2000",40-45,174,26.89335394126739
LV,4,"W4
2005",18-24,81,13.636363636363635
LV,4,"W4
2005",25-29,106,17.845117845117844
LV,4,"W4
2005",30-34,116,19.52861952861953
LV,4,"W4
2005",35-39,135,22.727272727272727
LV,4,"W4
2005",40-45,156,26.262626262626267
LV,5,"W5
2010",18-24,53,10.133843212237094
LV,5,"W5
2010",25-29,102,19.50286806883365
LV,5,"W5
2010",30-34,97,18.54684512428298
LV,5,"W5
2010",35-39,131,25.04780114722753
LV,5,"W5
2010",40-45,140,26.76864244741874
LV,6,"W6
2015",18-24,63,13.070539419087138
LV,6,"W6
2015",25-29,102,21.16182572614108
LV,6,"W6
2015",30-34,86,17.842323651452283
LV,6,"W6
2015",35-39,86,17.842323651452283
LV,6,"W6
2015",40-45,145,30.08298755186722
LV,8,"W8
2024",18-24,76,14.84375
LV,8,"W8
2024",25-29,57,11.1328125
LV,8,"W8
2024",30-34,102,19.921875
LV,8,"W8
2024",35-39,121,23.6328125
LV,8,"W8
2024",40-45,156,30.46875
ME,5,"W5
2010",18-24,163,23.219373219373217
ME,5,"W5
2010",25-29,171,24.358974358974358
ME,5,"W5
2010",30-34,123,17.52136752136752
ME,5,"W5
2010",35-39,96,13.675213675213676
ME,5,"W5
2010",40-45,149,21.225071225071225
ME,6,"W6
2015",18-24,61,11.338289962825279
ME,6,"W6
2015",25-29,102,18.95910780669145
ME,6,"W6
2015",30-34,108,20.074349442379184
ME,6,"W6
2015",35-39,126,23.42007434944238
ME,6,"W6
2015",40-45,141,26.20817843866171
ME,8,"W8
2024",18-24,116,15.591397849462366
ME,8,"W8
2024",25-29,150,20.161290322580644
ME,8,"W8
2024",30-34,121,16.263440860215052
ME,8,"W8
2024",35-39,163,21.908602150537636
ME,8,"W8
2024",40-45,194,26.0752688172043
MK,5,"W5
2010",18-24,68,9.700427960057063
MK,5,"W5
2010",25-29,134,19.115549215406563
MK,5,"W5
2010",30-34,140,19.971469329529242
MK,5,"W5
2010",35-39,166,23.680456490727533
MK,5,"W5
2010",40-45,193,27.5320970042796
MK,6,"W6
2015",18-24,80,13.333333333333334
MK,6,"W6
2015",25-29,99,16.5
MK,6,"W6
2015",30-34,126,21
MK,6,"W6
2015",35-39,141,23.5
MK,6,"W6
2015",40-45,154,25.666666666666664
MK,8,"W8
2024",18-24,66,12.244897959183673
MK,8,"W8
2024",25-29,67,12.430426716141001
MK,8,"W8
2024",30-34,93,17.25417439703154
MK,8,"W8
2024",35-39,153,28.385899814471244
MK,8,"W8
2024",40-45,160,29.684601113172544
MT,3,"W3
2000",18-24,94,29.283489096573206
MT,3,"W3
2000",25-29,44,13.707165109034266
MT,3,"W3
2000",30-34,56,17.445482866043612
MT,3,"W3
2000",35-39,52,16.1993769470405
MT,3,"W3
2000",40-45,75,23.364485981308412
MT,4,"W4
2005",18-24,101,26.57894736842105
MT,4,"W4
2005",25-29,67,17.63157894736842
MT,4,"W4
2005",30-34,72,18.947368421052634
MT,4,"W4
2005",35-39,51,13.421052631578947
MT,4,"W4
2005",40-45,89,23.42105263157895
MT,5,"W5
2010",18-24,110,17.973856209150327
MT,5,"W5
2010",25-29,116,18.954248366013072
MT,5,"W5
2010",30-34,130,21.241830065359476
MT,5,"W5
2010",35-39,109,17.81045751633987
MT,5,"W5
2010",40-45,147,24.019607843137255
MT,6,"W6
2015",18-24,86,14.429530201342283
MT,6,"W6
2015",25-29,140,23.48993288590604
MT,6,"W6
2015",30-34,103,17.28187919463087
MT,6,"W6
2015",35-39,117,19.630872483221477
MT,6,"W6
2015",40-45,150,25.16778523489933
MT,8,"W8
2024",18-24,61,13.090128755364807
MT,8,"W8
2024",25-29,89,19.098712446351932
MT,8,"W8
2024",30-34,88,18.88412017167382
MT,8,"W8
2024",35-39,105,22.532188841201716
MT,8,"W8
2024",40-45,123,26.394849785407725
NL,1,"W1
1991",18-24,99,14.244604316546763
NL,1,"W1
1991",25-29,147,21.151079136690647
NL,1,"W1
1991",30-34,137,19.71223021582734
NL,1,"W1
1991",35-39,166,23.884892086330936
NL,1,"W1
1991",40-45,146,21.007194244604317
NL,2,"W2
1995",18-24,141,18.383311603650586
NL,2,"W2
1995",25-29,147,19.165580182529336
NL,2,"W2
1995",30-34,168,21.903520208604952
NL,2,"W2
1995",35-39,150,19.556714471968707
NL,2,"W2
1995",40-45,161,20.990873533246415
NL,3,"W3
2000",18-24,140,12.85583103764922
NL,3,"W3
2000",25-29,190,17.447199265381084
NL,3,"W3
2000",30-34,239,21.94674012855831
NL,3,"W3
2000",35-39,265,24.334251606978878
NL,3,"W3
2000",40-45,255,23.415977961432507
NL,4,"W4
2005",18-24,53,9.925093632958802
NL,4,"W4
2005",25-29,55,10.299625468164795
NL,4,"W4
2005",30-34,102,19.101123595505616
NL,4,"W4
2005",35-39,153,28.651685393258425
NL,4,"W4
2005",40-45,171,32.02247191011236
NL,5,"W5
2010",18-24,62,12.109375
NL,5,"W5
2010",25-29,73,14.2578125
NL,5,"W5
2010",30-34,104,20.3125
NL,5,"W5
2010",35-39,116,22.65625
NL,5,"W5
2010",40-45,157,30.6640625
NL,6,"W6
2015",18-24,83,16.533864541832667
NL,6,"W6
2015",25-29,84,16.733067729083665
NL,6,"W6
2015",30-34,106,21.115537848605577
NL,6,"W6
2015",35-39,94,18.725099601593627
NL,6,"W6
2015",40-45,135,26.89243027888446
NL,8,"W8
2024",18-24,72,19.45945945945946
NL,8,"W8
2024",25-29,54,14.594594594594595
NL,8,"W8
2024",30-34,67,18.10810810810811
NL,8,"W8
2024",35-39,67,18.10810810810811
NL,8,"W8
2024",40-45,110,29.72972972972973
NO,4,"W4
2005",18-24,79,14.629629629629628
NO,4,"W4
2005",25-29,91,16.85185185185185
NO,4,"W4
2005",30-34,103,19.074074074074073
NO,4,"W4
2005",35-39,122,22.59259259259259
NO,4,"W4
2005",40-45,145,26.851851851851855
NO,5,"W5
2010",18-24,61,10.571923743500866
NO,5,"W5
2010",25-29,74,12.824956672443674
NO,5,"W5
2010",30-34,122,21.143847487001732
NO,5,"W5
2010",35-39,150,25.99653379549394
NO,5,"W5
2010",40-45,170,29.462738301559792
NO,6,"W6
2015",18-24,110,20
NO,6,"W6
2015",25-29,90,16.363636363636363
NO,6,"W6
2015",30-34,98,17.81818181818182
NO,6,"W6
2015",35-39,100,18.181818181818183
NO,6,"W6
2015",40-45,152,27.636363636363637
NO,8,"W8
2024",18-24,83,17.291666666666668
NO,8,"W8
2024",25-29,97,20.208333333333332
NO,8,"W8
2024",30-34,94,19.583333333333332
NO,8,"W8
2024",35-39,92,19.166666666666668
NO,8,"W8
2024",40-45,114,23.75
PL,3,"W3
2000",18-24,116,15.466666666666667
PL,3,"W3
2000",25-29,143,19.066666666666666
PL,3,"W3
2000",30-34,149,19.866666666666667
PL,3,"W3
2000",35-39,143,19.066666666666666
PL,3,"W3
2000",40-45,199,26.53333333333333
PL,4,"W4
2005",18-24,95,14.48170731707317
PL,4,"W4
2005",25-29,138,21.036585365853657
PL,4,"W4
2005",30-34,122,18.597560975609756
PL,4,"W4
2005",35-39,126,19.20731707317073
PL,4,"W4
2005",40-45,175,26.676829268292686
PL,5,"W5
2010",18-24,120,13.437849944008958
PL,5,"W5
2010",25-29,180,20.156774916013436
PL,5,"W5
2010",30-34,176,19.70884658454647
PL,5,"W5
2010",35-39,171,19.148936170212767
PL,5,"W5
2010",40-45,246,27.547592385218366
PL,6,"W6
2015",18-24,98,14.244186046511627
PL,6,"W6
2015",25-29,121,17.587209302325583
PL,6,"W6
2015",30-34,119,17.296511627906977
PL,6,"W6
2015",35-39,161,23.401162790697676
PL,6,"W6
2015",40-45,189,27.47093023255814
PL,8,"W8
2024",18-24,39,7.039711191335741
PL,8,"W8
2024",25-29,60,10.830324909747292
PL,8,"W8
2024",30-34,100,18.050541516245488
PL,8,"W8
2024",35-39,154,27.79783393501805
PL,8,"W8
2024",40-45,201,36.28158844765343
PT,1,"W1
1991",18-24,167,26.21664050235479
PT,1,"W1
1991",25-29,113,17.739403453689167
PT,1,"W1
1991",30-34,114,17.896389324960754
PT,1,"W1
1991",35-39,115,18.053375196232338
PT,1,"W1
1991",40-45,128,20.09419152276295
PT,2,"W2
1995",18-24,115,17.94071762870515
PT,2,"W2
1995",25-29,118,18.408736349453978
PT,2,"W2
1995",30-34,122,19.03276131045242
PT,2,"W2
1995",35-39,132,20.59282371294852
PT,2,"W2
1995",40-45,154,24.024960998439937
PT,3,"W3
2000",18-24,210,20.54794520547945
PT,3,"W3
2000",25-29,203,19.863013698630137
PT,3,"W3
2000",30-34,216,21.135029354207436
PT,3,"W3
2000",35-39,191,18.688845401174166
PT,3,"W3
2000",40-45,202,19.765166340508806
PT,4,"W4
2005",18-24,108,15.126050420168067
PT,4,"W4
2005",25-29,152,21.288515406162464
PT,4,"W4
2005",30-34,173,24.2296918767507
PT,4,"W4
2005",35-39,131,18.34733893557423
PT,4,"W4
2005",40-45,150,21.008403361344538
PT,5,"W5
2010",18-24,47,8.483754512635379
PT,5,"W5
2010",25-29,79,14.259927797833935
PT,5,"W5
2010",30-34,124,22.382671480144403
PT,5,"W5
2010",35-39,138,24.90974729241877
PT,5,"W5
2010",40-45,166,29.96389891696751
PT,6,"W6
2015",18-24,43,9.772727272727273
PT,6,"W6
2015",25-29,64,14.545454545454545
PT,6,"W6
2015",30-34,71,16.136363636363637
PT,6,"W6
2015",35-39,124,28.18181818181818
PT,6,"W6
2015",40-45,138,31.363636363636367
PT,8,"W8
2024",18-24,56,12.22707423580786
PT,8,"W8
2024",25-29,68,14.847161572052403
PT,8,"W8
2024",30-34,90,19.65065502183406
PT,8,"W8
2024",35-39,98,21.397379912663755
PT,8,"W8
2024",40-45,146,31.877729257641924
RO,3,"W3
2000",18-24,101,15.830721003134796
RO,3,"W3
2000",25-29,94,14.733542319749215
RO,3,"W3
2000",30-34,166,26.01880877742947
RO,3,"W3
2000",35-39,129,20.219435736677116
RO,3,"W3
2000",40-45,148,23.197492163009404
RO,4,"W4
2005",18-24,106,15.451895043731778
RO,4,"W4
2005",25-29,104,15.160349854227405
RO,4,"W4
2005",30-34,130,18.950437317784257
RO,4,"W4
2005",35-39,201,29.300291545189506
RO,4,"W4
2005",40-45,145,21.137026239067055
RO,5,"W5
2010",18-24,41,6.972789115646258
RO,5,"W5
2010",25-29,96,16.3265306122449
RO,5,"W5
2010",30-34,121,20.578231292517007
RO,5,"W5
2010",35-39,151,25.68027210884354
RO,5,"W5
2010",40-45,179,30.4421768707483
RO,6,"W6
2015",18-24,52,8.227848101265822
RO,6,"W6
2015",25-29,99,15.664556962025317
RO,6,"W6
2015",30-34,131,20.72784810126582
RO,6,"W6
2015",35-39,156,24.68354430379747
RO,6,"W6
2015",40-45,194,30.69620253164557
RO,8,"W8
2024",18-24,61,12.17564870259481
RO,8,"W8
2024",25-29,84,16.766467065868262
RO,8,"W8
2024",30-34,89,17.764471057884233
RO,8,"W8
2024",35-39,118,23.55289421157685
RO,8,"W8
2024",40-45,149,29.740518962075846
RS,6,"W6
2015",18-24,55,10.357815442561206
RS,6,"W6
2015",25-29,92,17.325800376647834
RS,6,"W6
2015",30-34,116,21.84557438794727
RS,6,"W6
2015",35-39,121,22.78719397363465
RS,6,"W6
2015",40-45,147,27.683615819209038
RS,8,"W8
2024",18-24,46,8.712121212121213
RS,8,"W8
2024",25-29,82,15.530303030303031
RS,8,"W8
2024",30-34,103,19.507575757575758
RS,8,"W8
2024",35-39,132,25
RS,8,"W8
2024",40-45,165,31.25
SE,2,"W2
1995",18-24,100,16.129032258064516
SE,2,"W2
1995",25-29,118,19.032258064516128
SE,2,"W2
1995",30-34,138,22.258064516129032
SE,2,"W2
1995",35-39,108,17.419354838709676
SE,2,"W2
1995",40-45,156,25.161290322580644
SE,3,"W3
2000",18-24,175,17.94871794871795
SE,3,"W3
2000",25-29,191,19.589743589743588
SE,3,"W3
2000",30-34,219,22.46153846153846
SE,3,"W3
2000",35-39,180,18.461538461538463
SE,3,"W3
2000",40-45,210,21.53846153846154
SE,4,"W4
2005",18-24,46,8.394160583941606
SE,4,"W4
2005",25-29,72,13.138686131386862
SE,4,"W4
2005",30-34,112,20.437956204379564
SE,4,"W4
2005",35-39,129,23.54014598540146
SE,4,"W4
2005",40-45,189,34.48905109489051
SE,5,"W5
2010",18-24,29,6.682027649769585
SE,5,"W5
2010",25-29,47,10.829493087557603
SE,5,"W5
2010",30-34,86,19.81566820276498
SE,5,"W5
2010",35-39,116,26.72811059907834
SE,5,"W5
2010",40-45,156,35.944700460829495
SE,6,"W6
2015",18-24,61,12.17564870259481
SE,6,"W6
2015",25-29,87,17.365269461077844
SE,6,"W6
2015",30-34,80,15.968063872255488
SE,6,"W6
2015",35-39,101,20.159680638722556
SE,6,"W6
2015",40-45,172,34.3313373253493
SE,8,"W8
2024",18-24,38,10.242587601078167
SE,8,"W8
2024",25-29,39,10.512129380053908
SE,8,"W8
2024",30-34,72,19.40700808625337
SE,8,"W8
2024",35-39,96,25.87601078167116
SE,8,"W8
2024",40-45,126,33.9622641509434
SI,3,"W3
2000",18-24,131,16.968911917098445
SI,3,"W3
2000",25-29,189,24.481865284974095
SI,3,"W3
2000",30-34,144,18.65284974093264
SI,3,"W3
2000",35-39,118,15.284974093264248
SI,3,"W3
2000",40-45,190,24.61139896373057
SI,4,"W4
2005",18-24,61,14.087759815242496
SI,4,"W4
2005",25-29,83,19.168591224018474
SI,4,"W4
2005",30-34,90,20.785219399538107
SI,4,"W4
2005",35-39,83,19.168591224018474
SI,4,"W4
2005",40-45,116,26.78983833718245
SI,5,"W5
2010",18-24,100,11.87648456057007
SI,5,"W5
2010",25-29,154,18.28978622327791
SI,5,"W5
2010",30-34,171,20.30878859857482
SI,5,"W5
2010",35-39,165,19.596199524940616
SI,5,"W5
2010",40-45,252,29.928741092636578
SI,6,"W6
2015",18-24,59,6.681766704416761
SI,6,"W6
2015",25-29,114,12.910532276330692
SI,6,"W6
2015",30-34,196,22.197055492638732
SI,6,"W6
2015",35-39,255,28.87882219705549
SI,6,"W6
2015",40-45,259,29.331823329558325
SI,8,"W8
2024",18-24,118,18.015267175572518
SI,8,"W8
2024",25-29,109,16.6412213740458
SI,8,"W8
2024",30-34,107,16.335877862595417
SI,8,"W8
2024",35-39,144,21.984732824427482
SI,8,"W8
2024",40-45,177,27.022900763358777
SK,3,"W3
2000",18-24,120,16.415868673050614
SK,3,"W3
2000",25-29,115,15.731874145006842
SK,3,"W3
2000",30-34,133,18.194254445964432
SK,3,"W3
2000",35-39,174,23.803009575923394
SK,3,"W3
2000",40-45,189,25.85499316005472
SK,4,"W4
2005",18-24,59,9.800664451827243
SK,4,"W4
2005",25-29,97,16.11295681063123
SK,4,"W4
2005",30-34,119,19.767441860465116
SK,4,"W4
2005",35-39,144,23.920265780730897
SK,4,"W4
2005",40-45,183,30.398671096345513
SK,5,"W5
2010",18-24,44,8.695652173913043
SK,5,"W5
2010",25-29,85,16.798418972332016
SK,5,"W5
2010",30-34,102,20.158102766798418
SK,5,"W5
2010",35-39,121,23.91304347826087
SK,5,"W5
2010",40-45,154,30.434782608695656
SK,6,"W6
2015",18-24,50,9.823182711198427
SK,6,"W6
2015",25-29,85,16.699410609037326
SK,6,"W6
2015",30-34,83,16.30648330058939
SK,6,"W6
2015",35-39,125,24.557956777996072
SK,6,"W6
2015",40-45,166,32.61296660117878
SK,8,"W8
2024",18-24,112,19.58041958041958
SK,8,"W8
2024",25-29,84,14.685314685314685
SK,8,"W8
2024",30-34,107,18.706293706293707
SK,8,"W8
2024",35-39,123,21.503496503496503
SK,8,"W8
2024",40-45,146,25.524475524475527
TR,4,"W4
2005",18-24,142,19.293478260869566
TR,4,"W4
2005",25-29,139,18.88586956521739
TR,4,"W4
2005",30-34,150,20.380434782608695
TR,4,"W4
2005",35-39,146,19.83695652173913
TR,4,"W4
2005",40-45,159,21.603260869565215
TR,5,"W5
2010",18-24,350,20.348837209302324
TR,5,"W5
2010",25-29,474,27.55813953488372
TR,5,"W5
2010",30-34,360,20.930232558139537
TR,5,"W5
2010",35-39,262,15.232558139534882
TR,5,"W5
2010",40-45,274,15.930232558139535
TR,6,"W6
2015",18-24,276,18.27814569536424
TR,6,"W6
2015",25-29,336,22.251655629139073
TR,6,"W6
2015",30-34,334,22.119205298013245
TR,6,"W6
2015",35-39,277,18.344370860927153
TR,6,"W6
2015",40-45,287,19.00662251655629
UK,1,"W1
1991",18-24,168,22.22222222222222
UK,1,"W1
1991",25-29,103,13.624338624338625
UK,1,"W1
1991",30-34,162,21.428571428571427
UK,1,"W1
1991",35-39,143,18.915343915343914
UK,1,"W1
1991",40-45,180,23.809523809523807
UK,2,"W2
1995",18-24,126,18.475073313782993
UK,2,"W2
1995",25-29,108,15.835777126099707
UK,2,"W2
1995",30-34,159,23.313782991202345
UK,2,"W2
1995",35-39,131,19.208211143695014
UK,2,"W2
1995",40-45,158,23.16715542521994
UK,3,"W3
2000",18-24,182,17.416267942583733
UK,3,"W3
2000",25-29,175,16.74641148325359
UK,3,"W3
2000",30-34,222,21.24401913875598
UK,3,"W3
2000",35-39,228,21.818181818181817
UK,3,"W3
2000",40-45,238,22.77511961722488
UK,4,"W4
2005",18-24,108,16.314199395770395
UK,4,"W4
2005",25-29,100,15.105740181268882
UK,4,"W4
2005",30-34,145,21.90332326283988
UK,4,"W4
2005",35-39,147,22.20543806646526
UK,4,"W4
2005",40-45,162,24.47129909365559
UK,5,"W5
2010",18-24,138,15.04907306434024
UK,5,"W5
2010",25-29,158,17.230098146128682
UK,5,"W5
2010",30-34,141,15.376226826608505
UK,5,"W5
2010",35-39,206,22.464558342420936
UK,5,"W5
2010",40-45,274,29.880043620501635
UK,6,"W6
2015",18-24,122,13.990825688073393
UK,6,"W6
2015",25-29,148,16.972477064220186
UK,6,"W6
2015",30-34,158,18.11926605504587
UK,6,"W6
2015",35-39,198,22.706422018348622
UK,6,"W6
2015",40-45,246,28.211009174311926
XK,5,"W5
2010",18-24,173,22.944297082228115
XK,5,"W5
2010",25-29,167,22.148541114058357
XK,5,"W5
2010",30-34,123,16.312997347480106
XK,5,"W5
2010",35-39,119,15.782493368700266
XK,5,"W5
2010",40-45,172,22.811671087533156
XK,8,"W8
2024",18-24,104,21.095334685598377
XK,8,"W8
2024",25-29,88,17.849898580121703
XK,8,"W8
2024",30-34,90,18.255578093306287
XK,8,"W8
2024",35-39,104,21.095334685598377
XK,8,"W8
2024",40-45,107,21.703853955375255
